Primitive Rodriguez R&M Deck,Skateboards,55.95,750 
Flip Oliveira Notebook Deck,Skateboards,49.95,600
Baker Logo Deck,Skateboards,52.99,800
Girl Malto Deck,Skateboards,49.99,500
Mob Griptape,Accessories,4.99,10000
Grizzly Griptape,Accessories,5.99,8000
Andale Bearings ABEC 7,Accessories,17.99,1200
Reds Abec 7 Bearings,Accessories,17.95,1500
Destructo D1 Superlite VI Trucks,Accessories,34.99,300
Venture Low Polished Trucks,Accessories,39.50,200
Spitfire Formula Four Wheels,Accessories,33.99,500
Ricta Cloud Wheels,Accessories,34.50,450
Thunder Sonora Trucks,Accessories,49.50,300
Independent Stage 11 Trucks,Accessories,49.99,400
Royal Inverted High Trucks,Accessories,42.95,350
Primitive Broly Hoodie,Clothing,59.99,400
Primitive Hologram Tee,Clothing,23.95,450
Primitive Samurai SS Tee,Clothing,22.50,250
Spitfire Long Sleeve,Clothing,18.99,600
Baker Brand Logo Tee,Clothing,21.99,450